loc,blank_ratio,comment_ratio,doc_boilerplate_ratio,generic_name_ratio,template_name_ratio,bare_except_ratio,trycatch_density,avg_line_len,quote_consistency,indent_consistency,sentence_comment_ratio,todo_density,func_density,label
5.726848,0.159341,0.379085,0.000000,0.016281,0.000000,0.000000,0.000000,53.794118,0.797980,0.972093,0.198276,0.000000,3.921569,1
5.438079,0.158088,0.148472,0.000000,0.087657,0.000000,1.000000,1.310044,42.576419,0.891304,1.000000,0.088235,0.000000,4.366812,1
5.010635,0.162921,0.161074,0.000000,0.054711,0.000000,1.000000,2.013423,40.040268,0.958333,1.000000,0.083333,0.000000,4.026846,1
5.488938,0.065891,0.215768,0.000000,0.039196,0.000000,0.000000,0.414938,45.643154,0.600000,0.839130,0.057692,0.000000,0.414938,1
3.761200,0.236364,0.095238,0.000000,0.000000,0.000000,0.000000,0.000000,43.309524,1.000000,1.000000,1.000000,0.000000,7.142857,1
3.761200,0.207547,0.547619,7.142857,0.056000,0.000000,0.000000,0.000000,36.190476,1.000000,0.558824,0.173913,0.000000,2.380952,1
5.141664,0.170732,0.211765,0.000000,0.058011,0.000000,1.000000,3.529412,48.447059,0.939394,0.983607,0.111111,0.000000,2.941176,1
4.615121,0.065421,0.630000,1.000000,0.009709,0.000000,0.000000,0.000000,43.060000,0.822222,0.412500,0.047619,0.000000,0.000000,1
5.068904,0.247619,0.348101,0.632911,0.059957,0.428266,0.000000,0.000000,39.550633,0.973333,1.000000,0.472727,0.000000,9.493671,1
3.367296,0.300000,0.321429,0.000000,0.030928,0.000000,0.000000,0.000000,37.428571,0.894737,1.000000,0.777778,0.000000,3.571429,1
2.944439,0.181818,0.222222,0.000000,0.020833,0.000000,0.000000,0.000000,40.000000,0.500000,0.666667,0.500000,0.000000,0.000000,1
3.850148,0.192982,0.282609,0.000000,0.017699,5.309735,0.000000,0.000000,27.195652,1.000000,1.000000,0.076923,0.000000,2.173913,1
6.230481,0.046992,0.000000,0.000000,0.094170,0.000000,0.000000,0.000000,28.500986,1.000000,1.000000,0.000000,0.000000,6.311637,1
4.836282,0.113475,0.136000,3.200000,0.059574,0.000000,0.500000,2.400000,37.776000,0.741935,1.000000,0.058824,0.000000,5.600000,1
4.465908,0.180952,0.186047,0.000000,0.020000,0.000000,0.750000,8.139535,36.395349,1.000000,1.000000,0.062500,0.000000,4.651163,1
3.988984,0.171875,0.301887,0.000000,0.054795,0.000000,0.000000,0.000000,32.547170,1.000000,1.000000,0.000000,0.000000,1.886792,1
4.912655,0.117647,0.096296,0.000000,0.012658,0.000000,0.000000,0.000000,32.096296,1.000000,1.000000,0.000000,0.000000,2.222222,1
4.060443,0.197183,0.192982,0.000000,0.046784,0.000000,0.000000,0.000000,39.877193,0.629630,1.000000,0.000000,0.000000,5.263158,1
4.499810,0.152381,0.426966,0.000000,0.012766,0.000000,0.000000,0.000000,34.415730,1.000000,0.581081,0.315789,0.000000,0.000000,1
4.727388,0.111111,0.571429,0.000000,0.015649,0.000000,0.000000,0.000000,48.151786,1.000000,0.404494,0.109375,0.000000,0.000000,1
2.197225,0.200000,1.000000,0.000000,0.000000,0.000000,0.000000,0.000000,43.250000,1.000000,1.000000,0.000000,0.000000,0.000000,1
3.135494,0.290323,0.409091,0.000000,0.013514,0.000000,0.000000,0.000000,40.772727,1.000000,1.000000,0.000000,0.000000,9.090909,1
2.995732,0.344828,0.315789,0.000000,0.000000,0.000000,0.000000,0.000000,48.526316,0.913043,1.000000,0.500000,0.000000,10.526316,1
3.891820,0.094340,0.000000,0.000000,0.129412,0.000000,0.000000,0.000000,21.520833,1.000000,1.000000,0.000000,0.000000,0.000000,1
5.918894,0.170022,0.231806,0.000000,0.046307,0.000000,0.000000,0.539084,37.598383,0.987261,0.879888,0.232558,0.000000,0.808625,1
3.135494,0.153846,0.409091,0.000000,0.000000,0.000000,0.000000,0.000000,24.636364,1.000000,0.454545,0.000000,0.000000,0.000000,1
4.605170,0.153846,0.121212,0.000000,0.036630,0.000000,0.000000,0.000000,34.909091,1.000000,1.000000,0.000000,0.000000,5.050505,1
6.124683,0.163303,0.026316,0.000000,0.045415,0.000000,0.500000,0.657895,32.813596,0.937008,0.971795,0.083333,0.000000,7.894737,1
3.688879,0.048780,0.333333,0.000000,0.037383,0.000000,0.000000,0.000000,34.948718,0.953488,0.666667,0.076923,0.000000,0.000000,1
4.025352,0.191176,0.181818,0.000000,0.029240,0.000000,0.000000,0.000000,36.509091,1.000000,1.000000,0.100000,0.000000,9.090909,1
4.025352,0.179104,0.036364,0.000000,0.000000,0.000000,0.000000,0.000000,31.927273,1.000000,1.000000,0.000000,0.000000,0.000000,1
3.091042,0.160000,0.238095,0.000000,0.054054,0.000000,0.000000,0.000000,25.571429,0.500000,0.666667,0.400000,0.000000,0.000000,1
5.129899,0.172414,0.226190,0.000000,0.060606,0.000000,0.500000,2.380952,47.726190,0.864662,1.000000,0.105263,0.000000,2.976190,1
4.025352,0.202899,0.527273,0.000000,0.008584,0.000000,0.000000,0.000000,40.363636,0.411765,1.000000,0.310345,9.090909,12.727273,1
3.367296,0.096774,0.464286,0.000000,0.008850,0.000000,0.000000,0.000000,38.678571,0.333333,0.590909,0.000000,0.000000,0.000000,1
4.941642,0.187135,0.230216,0.000000,0.031614,0.000000,1.000000,1.438849,45.143885,0.981651,1.000000,0.062500,0.000000,3.597122,1
2.639057,0.071429,0.692308,7.692308,0.000000,0.000000,0.000000,0.000000,25.923077,1.000000,0.222222,0.444444,0.000000,0.000000,1
6.035481,0.107066,0.086331,0.000000,0.053691,0.000000,0.666667,1.199041,32.877698,0.983607,1.000000,0.000000,0.000000,7.434053,1
4.060443,0.080645,0.140351,0.000000,0.040000,0.000000,0.000000,0.000000,21.245614,1.000000,0.854167,0.250000,0.000000,0.000000,1
3.178054,0.361111,0.304348,0.000000,0.077670,0.000000,0.000000,0.000000,45.173913,1.000000,1.000000,0.857143,0.000000,8.695652,1
2.197225,0.200000,0.000000,0.000000,0.136364,0.000000,0.000000,0.000000,42.625000,1.000000,1.000000,0.000000,0.000000,0.000000,1
5.036953,0.055556,0.000000,0.000000,0.045534,0.000000,0.000000,0.000000,42.065359,0.673469,0.977778,0.000000,0.000000,4.575163,1
3.931826,0.137931,0.280000,0.000000,0.133758,0.000000,0.000000,0.000000,34.940000,1.000000,0.704545,0.071429,2.000000,0.000000,1
4.532599,0.123810,0.315217,0.000000,0.040000,0.000000,0.000000,1.086957,43.989130,1.000000,0.676056,0.068966,0.000000,5.434783,1
4.762174,0.134328,0.181034,0.000000,0.078886,0.000000,1.000000,1.724138,39.931034,0.914894,0.864583,0.095238,0.000000,2.586207,1
4.976734,0.172414,0.097222,0.000000,0.058680,0.488998,0.000000,0.000000,40.784722,1.000000,1.000000,0.357143,0.000000,4.861111,1
4.510860,0.100000,0.100000,0.000000,0.004505,0.000000,0.000000,0.000000,36.411111,1.000000,1.000000,0.000000,0.000000,2.222222,1
5.648974,0.147590,0.236749,0.000000,0.037037,0.000000,0.000000,0.706714,37.858657,0.924138,0.990610,0.029851,0.000000,2.826855,1
5.087596,0.152632,0.291925,6.832298,0.047281,0.000000,0.000000,0.000000,42.000000,0.702128,0.732877,0.148936,0.000000,0.621118,1
4.060443,0.123077,0.210526,0.000000,0.016807,0.000000,0.000000,5.263158,51.842105,1.000000,0.775510,0.083333,0.000000,3.508772,1
4.682131,0.170543,0.336449,0.000000,0.016997,0.000000,0.000000,0.000000,43.887850,0.813084,0.957746,0.027778,0.000000,2.803738,1
5.669881,0.134731,0.332180,0.000000,0.045934,0.225904,1.000000,1.384083,48.079585,0.866667,1.000000,0.125000,0.000000,2.076125,1
2.197225,0.111111,0.500000,0.000000,0.000000,0.000000,0.000000,0.000000,23.875000,1.000000,1.000000,0.000000,0.000000,0.000000,1
6.350886,0.107644,0.005245,0.174825,0.080742,0.000000,0.000000,2.097902,42.805944,0.897321,1.000000,0.666667,0.000000,4.370629,1
3.761200,0.275862,0.785714,2.380952,0.025751,0.000000,0.000000,0.000000,54.880952,1.000000,1.000000,0.121212,0.000000,4.761905,1
4.595120,0.125000,0.193878,0.000000,0.042654,0.000000,0.000000,11.224490,49.081633,1.000000,0.829268,0.105263,0.000000,0.000000,1
3.218876,0.200000,0.250000,0.000000,0.050000,0.000000,0.000000,0.000000,25.083333,0.500000,0.727273,0.333333,0.000000,0.000000,1
4.976734,0.186441,0.180556,0.000000,0.053156,1.661130,0.750000,4.861111,41.048611,1.000000,1.000000,0.000000,0.000000,6.944444,1
3.433987,0.142857,0.233333,0.000000,0.007752,0.000000,0.000000,0.000000,49.433333,0.951220,1.000000,0.142857,0.000000,0.000000,1
5.455321,0.103846,0.450644,0.858369,0.036815,0.000000,0.000000,1.287554,46.429185,0.850000,0.609626,0.085714,0.000000,1.716738,1
5.164786,0.142857,0.367816,0.000000,0.034341,0.000000,0.000000,0.000000,48.195402,0.978947,0.889655,0.125000,0.000000,4.022989,1
3.891820,0.186441,0.187500,0.000000,0.088757,0.000000,0.000000,0.000000,36.562500,1.000000,1.000000,0.111111,0.000000,2.083333,1
3.663562,0.208333,0.263158,0.000000,0.049383,0.000000,0.000000,0.000000,30.842105,0.500000,0.869565,0.200000,0.000000,0.000000,1
4.043051,0.188406,0.267857,0.000000,0.044444,4.444444,0.000000,0.000000,30.553571,1.000000,1.000000,0.066667,0.000000,3.571429,1
2.197225,0.111111,1.000000,0.000000,0.000000,0.000000,0.000000,0.000000,41.375000,1.000000,1.000000,0.125000,0.000000,0.000000,1
4.709530,0.160305,0.109091,0.000000,0.044776,0.000000,0.000000,3.636364,43.127273,0.705882,1.000000,0.416667,0.000000,5.454545,1
4.369448,0.113636,0.089744,0.000000,0.121795,0.000000,0.000000,2.564103,26.089744,1.000000,0.907692,0.142857,0.000000,3.846154,1
2.564949,0.368421,0.500000,0.000000,0.000000,0.000000,0.000000,0.000000,39.083333,1.000000,1.000000,0.333333,0.000000,0.000000,1
4.605170,0.153846,0.121212,0.000000,0.036630,0.000000,0.000000,0.000000,34.909091,1.000000,1.000000,0.000000,0.000000,5.050505,1
4.521789,0.194690,0.164835,0.000000,0.086538,0.641026,0.000000,0.000000,41.000000,1.000000,1.000000,0.333333,0.000000,3.296703,1
4.317488,0.252525,0.243243,1.351351,0.079320,0.000000,0.000000,0.000000,47.054054,0.962963,1.000000,0.333333,0.000000,5.405405,1
1.945910,0.250000,0.000000,0.000000,0.000000,0.000000,0.000000,0.000000,42.333333,1.000000,1.000000,0.000000,0.000000,0.000000,1
3.044522,0.354839,0.200000,0.000000,0.000000,0.000000,1.000000,10.000000,34.350000,1.000000,1.000000,0.750000,0.000000,5.000000,1
4.127134,0.089552,0.262295,0.000000,0.029536,0.000000,0.000000,6.557377,42.098361,0.756098,0.750000,0.062500,0.000000,1.639344,1
4.499810,0.160377,0.382022,0.000000,0.037037,0.000000,0.000000,0.000000,34.056180,1.000000,1.000000,0.029412,0.000000,2.247191,1
3.637586,0.177778,0.000000,0.000000,0.000000,0.000000,0.000000,0.000000,37.378378,1.000000,1.000000,0.000000,0.000000,0.000000,1
4.382027,0.177083,0.177215,0.000000,0.043165,0.000000,0.000000,0.000000,43.645570,0.836066,1.000000,0.071429,0.000000,2.531646,1
2.833213,0.238095,0.000000,0.000000,0.075000,0.000000,0.000000,0.000000,32.062500,1.000000,1.000000,0.000000,0.000000,0.000000,1
4.158883,0.231707,0.142857,0.000000,0.020270,0.000000,0.000000,0.000000,32.730159,1.000000,0.877551,0.111111,0.000000,0.000000,1
3.931826,0.122807,0.380000,0.000000,0.000000,0.000000,0.000000,0.000000,25.000000,1.000000,0.727273,0.000000,0.000000,12.000000,1
5.459586,0.067729,0.089744,0.427350,0.021546,0.000000,0.000000,0.000000,37.619658,1.000000,0.972477,0.000000,0.000000,5.555556,1
4.553877,0.160714,0.361702,1.063830,0.018248,0.000000,0.000000,0.000000,36.574468,0.333333,0.675000,0.029412,0.000000,1.063830,1
3.610918,0.181818,0.222222,0.000000,0.056818,0.000000,0.000000,0.000000,32.388889,1.000000,0.857143,0.250000,0.000000,0.000000,1
4.672829,0.101695,0.292453,0.000000,0.029268,0.000000,0.000000,0.000000,39.632075,1.000000,0.764045,0.032258,0.000000,3.773585,1
5.337538,0.188235,0.231884,0.966184,0.105469,0.520833,0.500000,3.381643,41.768116,0.896414,1.000000,0.354167,0.000000,4.347826,1
4.094345,0.144928,0.186441,0.000000,0.114650,0.000000,0.000000,0.000000,28.898305,1.000000,0.772727,0.090909,1.694915,0.000000,1
4.672829,0.138211,0.169811,0.000000,0.039344,0.000000,0.000000,3.773585,39.726415,1.000000,0.862069,0.333333,0.000000,3.773585,1
3.135494,0.083333,0.045455,0.000000,0.028571,0.000000,0.000000,0.000000,22.045455,1.000000,1.000000,0.000000,0.000000,0.000000,1
4.867534,0.128378,0.217054,0.000000,0.023256,0.000000,0.000000,1.550388,37.573643,1.000000,0.834862,0.178571,0.000000,0.000000,1
5.198497,0.138756,0.238889,0.000000,0.007282,0.000000,1.000000,1.111111,51.844444,0.939394,0.991870,0.116279,0.000000,1.111111,1
3.218876,0.172414,0.125000,0.000000,0.000000,0.000000,0.000000,0.000000,21.041667,1.000000,1.000000,0.666667,0.000000,0.000000,1
3.637586,0.051282,0.297297,0.000000,0.114504,0.000000,0.000000,0.000000,35.054054,1.000000,0.840000,0.090909,0.000000,0.000000,1
3.663562,0.095238,0.289474,0.000000,0.007634,0.000000,0.000000,0.000000,65.815789,1.000000,0.700000,0.181818,0.000000,2.631579,1
3.784190,0.173077,0.069767,0.000000,0.043956,0.000000,0.000000,0.000000,29.093023,1.000000,1.000000,0.000000,0.000000,11.627907,1
2.302585,0.181818,0.000000,0.000000,0.000000,0.000000,0.000000,0.000000,33.111111,1.000000,1.000000,0.000000,0.000000,0.000000,1
2.995732,0.050000,0.000000,0.000000,0.000000,0.000000,0.000000,0.000000,19.789474,1.000000,1.000000,0.000000,0.000000,0.000000,1
5.198497,0.192825,0.161111,0.000000,0.063309,0.000000,0.000000,0.000000,46.644444,0.979487,0.887500,0.310345,0.000000,8.888889,1
5.634790,0.138889,0.046595,0.000000,0.092326,0.839329,0.600000,3.942652,45.333333,0.987097,1.000000,0.769231,0.000000,3.584229,1
3.713572,0.148936,0.300000,0.000000,0.032258,0.000000,0.000000,5.000000,35.950000,0.565217,0.931034,0.000000,0.000000,2.500000,1
5.267858,0.153509,0.181347,0.000000,0.061493,0.000000,0.500000,10.362694,40.290155,1.000000,0.986486,0.142857,0.000000,5.181347,1
3.637586,0.075000,0.567568,8.108108,0.022222,0.000000,0.000000,0.000000,34.648649,1.000000,0.424242,0.095238,0.000000,0.000000,1
2.708050,0.125000,0.214286,0.000000,0.136364,0.000000,0.000000,0.000000,27.785714,0.500000,0.714286,0.333333,0.000000,0.000000,1
2.484907,0.153846,0.818182,0.000000,0.014085,0.000000,0.000000,0.000000,55.272727,0.333333,0.000000,0.111111,0.000000,0.000000,1
3.465736,0.205128,0.290323,0.000000,0.115385,0.000000,0.000000,0.000000,58.064516,0.600000,1.000000,0.000000,0.000000,0.000000,1
5.049856,0.066265,0.167742,0.000000,0.010221,0.000000,0.000000,1.935484,45.864516,0.411765,0.875000,0.153846,0.000000,0.645161,1
3.555348,0.209302,0.264706,0.000000,0.095238,0.000000,0.000000,0.000000,33.911765,0.500000,0.850000,0.222222,0.000000,0.000000,1
5.043425,0.129944,0.149351,0.649351,0.060386,0.000000,0.000000,0.649351,40.538961,1.000000,1.000000,0.347826,0.000000,3.246753,1
3.583519,0.166667,0.400000,0.000000,0.000000,0.000000,0.000000,0.000000,50.342857,0.951220,1.000000,0.000000,0.000000,8.571429,1
5.159055,0.130653,0.404624,0.000000,0.011057,0.000000,0.000000,3.468208,46.624277,0.611111,0.566667,0.100000,0.000000,2.890173,1
5.655992,0.089457,0.112281,0.000000,0.010537,0.000000,0.000000,0.000000,39.859649,0.950311,0.981203,0.062500,0.000000,7.017544,1
6.059123,0.142570,0.175644,0.000000,0.041110,0.000000,0.538462,6.088993,39.969555,0.943089,1.000000,0.066667,0.000000,4.918033,1
5.273000,0.163793,0.118557,0.000000,0.093960,0.335570,1.000000,1.030928,40.103093,0.936508,0.987578,0.391304,0.000000,4.639175,1
4.983607,0.131737,0.200000,0.689655,0.027875,0.000000,1.000000,1.379310,41.110345,0.826087,0.911290,0.034483,0.000000,2.758621,1
3.091042,0.086957,0.047619,0.000000,0.033333,0.000000,0.000000,0.000000,20.857143,1.000000,1.000000,0.000000,0.000000,0.000000,1
4.912655,0.140127,0.525926,0.740741,0.020522,0.000000,0.000000,0.000000,39.888889,0.688889,1.000000,0.000000,0.000000,0.000000,1
5.288267,0.150862,0.045685,0.507614,0.041739,0.521739,0.000000,1.015228,43.223350,0.968750,1.000000,0.555556,0.000000,2.030457,1
3.663562,0.136364,0.394737,0.000000,0.026786,0.000000,0.000000,0.000000,57.342105,0.200000,1.000000,0.000000,0.000000,0.000000,1
4.976734,0.186441,0.180556,0.000000,0.053156,1.661130,0.750000,4.861111,41.048611,1.000000,1.000000,0.000000,0.000000,6.944444,1
4.077537,0.107692,0.241379,0.000000,0.034014,0.000000,0.000000,3.448276,35.000000,0.800000,0.738095,0.142857,0.000000,1.724138,1
3.526361,0.131579,0.515152,0.000000,0.019868,0.000000,0.000000,12.121212,39.878788,0.846154,0.538462,0.058824,0.000000,6.060606,1
3.401197,0.000000,0.034483,0.000000,0.023529,0.000000,0.000000,0.000000,33.000000,0.916667,1.000000,0.000000,0.000000,0.000000,1
5.948035,0.145414,0.120419,0.000000,0.070928,0.935308,0.333333,1.832461,47.086387,0.979899,1.000000,0.369565,0.000000,4.450262,1
4.304065,0.151163,0.041096,0.000000,0.052000,0.000000,0.000000,0.000000,50.027397,1.000000,1.000000,1.000000,0.000000,2.739726,1
3.663562,0.025641,0.368421,0.000000,0.018987,0.000000,0.000000,0.000000,34.736842,1.000000,0.677419,0.071429,0.000000,0.000000,1
5.298317,0.074419,0.000000,0.000000,0.019481,0.000000,0.000000,0.000000,35.376884,1.000000,1.000000,0.000000,0.000000,4.020101,1
4.682131,0.170543,0.336449,0.000000,0.016997,0.000000,0.000000,0.000000,43.887850,0.813084,0.957746,0.027778,0.000000,2.803738,1
5.356586,0.053812,0.000000,0.000000,0.099237,0.000000,0.000000,0.000000,29.317536,1.000000,1.000000,0.000000,0.000000,2.843602,1
4.060443,0.080645,0.315789,0.000000,0.025532,0.000000,0.000000,5.263158,42.929825,0.750000,0.645833,0.222222,0.000000,0.000000,1
3.367296,0.034483,0.821429,0.000000,0.000000,0.000000,0.000000,0.000000,26.214286,0.913043,0.583333,0.043478,0.000000,0.000000,1
4.605170,0.188525,0.141414,0.000000,0.041056,0.293255,0.000000,2.020202,42.686869,0.931034,1.000000,0.571429,0.000000,4.040404,1
3.850148,0.206897,0.000000,0.000000,0.000000,0.000000,0.000000,0.000000,35.217391,1.000000,1.000000,0.000000,0.000000,0.000000,1
3.610918,0.181818,0.361111,0.000000,0.065089,0.000000,0.000000,0.000000,42.416667,1.000000,0.450000,0.153846,0.000000,0.000000,1
2.484907,0.153846,0.272727,0.000000,0.200000,0.000000,0.000000,0.000000,24.181818,0.500000,0.600000,0.333333,0.000000,0.000000,1
2.079442,0.125000,1.000000,0.000000,0.000000,0.000000,0.000000,0.000000,33.142857,1.000000,1.000000,0.142857,0.000000,0.000000,1
4.430817,0.144330,0.192771,0.000000,0.057895,0.000000,0.000000,0.000000,49.542169,0.833333,1.000000,0.125000,0.000000,6.024096,1
3.610918,0.280000,0.388889,0.000000,0.025210,0.000000,0.000000,0.000000,40.388889,1.000000,1.000000,0.500000,0.000000,11.111111,1
5.220356,0.178571,0.233696,0.000000,0.036408,0.000000,1.000000,1.086957,47.358696,0.922481,1.000000,0.116279,0.000000,3.260870,1
5.010635,0.118343,0.127517,2.013423,0.084142,0.323625,0.000000,2.684564,35.308725,1.000000,0.909091,0.210526,0.000000,3.355705,1
4.615121,0.107143,0.170000,0.000000,0.032558,0.000000,0.000000,5.000000,47.390000,0.658537,0.804598,0.235294,0.000000,3.000000,1
4.304065,0.170455,0.369863,0.000000,0.063014,1.643836,0.000000,0.000000,49.780822,0.931034,1.000000,0.222222,0.000000,0.000000,1
2.639057,0.187500,0.000000,0.000000,0.275862,0.000000,0.000000,0.000000,34.538462,1.000000,1.000000,0.000000,0.000000,7.692308,1
5.303305,0.107143,0.220000,0.000000,0.031008,0.000000,0.000000,0.000000,35.890000,0.891892,0.841463,0.068182,0.000000,2.500000,1
3.806662,0.254237,0.204545,2.272727,0.006993,0.000000,0.000000,0.000000,43.000000,0.714286,1.000000,0.444444,0.000000,11.363636,1
4.143135,0.243902,0.161290,0.000000,0.052910,0.000000,0.000000,0.000000,45.096774,0.971831,1.000000,0.000000,0.000000,9.677419,1
5.231109,0.162162,0.532258,1.075269,0.007333,0.000000,0.000000,0.000000,52.661290,0.960784,1.000000,0.050505,0.000000,3.225806,1
5.648974,0.147590,0.236749,0.000000,0.037037,0.000000,0.000000,0.706714,37.858657,0.924138,0.990610,0.029851,0.000000,2.826855,1
5.273000,0.201646,0.134021,0.000000,0.053191,0.000000,0.000000,0.000000,42.881443,1.000000,0.881657,0.346154,0.000000,7.731959,1
5.093750,0.133690,0.283951,1.851852,0.018109,0.000000,0.000000,0.000000,43.666667,1.000000,0.769231,0.173913,0.000000,3.703704,1
3.044522,0.130435,0.150000,0.000000,0.043478,0.000000,0.000000,0.000000,31.400000,0.500000,0.750000,0.333333,0.000000,0.000000,1
5.888878,0.198218,0.338889,2.500000,0.065896,1.965318,0.285714,3.611111,34.738889,1.000000,1.000000,0.073770,0.000000,1.944444,1
4.779123,0.078125,0.059322,0.000000,0.060694,0.000000,0.000000,0.000000,36.483051,1.000000,1.000000,0.000000,0.000000,2.542373,1
4.779123,0.125926,0.000000,0.000000,0.182609,0.000000,0.000000,0.000000,30.762712,1.000000,1.000000,0.000000,0.000000,0.000000,1
4.234107,0.170732,0.264706,0.000000,0.017647,3.529412,0.000000,0.000000,28.176471,1.000000,1.000000,0.055556,0.000000,1.470588,1
6.124683,0.164835,0.026316,0.000000,0.045415,0.000000,0.500000,0.657895,32.813596,0.937008,0.971795,0.083333,0.000000,7.894737,1
3.332205,0.250000,0.185185,0.000000,0.000000,0.000000,0.000000,0.000000,38.518519,1.000000,1.000000,0.200000,0.000000,3.703704,1
6.248043,0.160976,0.104651,0.000000,0.063830,0.000000,0.615385,5.232558,46.932171,0.918129,1.000000,0.129630,0.000000,4.263566,1
5.231109,0.026178,0.026882,0.000000,0.023112,0.000000,0.000000,1.075269,40.220430,1.000000,1.000000,0.000000,0.000000,0.000000,1
1.945910,0.250000,0.000000,0.000000,0.000000,0.000000,0.000000,0.000000,47.666667,1.000000,1.000000,0.000000,0.000000,0.000000,1
3.737670,0.180000,0.000000,0.000000,0.060345,0.000000,0.000000,0.000000,45.609756,1.000000,1.000000,0.000000,0.000000,0.000000,1
3.135494,0.153846,0.136364,0.000000,0.088608,0.000000,0.000000,0.000000,48.045455,1.000000,1.000000,0.000000,0.000000,4.545455,1
3.931826,0.074074,0.000000,0.000000,0.067416,0.000000,0.500000,8.000000,25.320000,1.000000,1.000000,0.000000,0.000000,4.000000,1
4.672829,0.116667,0.509434,0.000000,0.024164,0.000000,0.000000,1.886792,49.792453,0.862069,0.493506,0.074074,0.000000,0.000000,1
2.772589,0.210526,0.066667,0.000000,0.076923,0.000000,0.000000,0.000000,23.066667,1.000000,1.000000,1.000000,0.000000,6.666667,1
4.574711,0.172414,0.041667,0.000000,0.010000,0.000000,1.000000,6.250000,31.125000,1.000000,1.000000,0.000000,0.000000,0.000000,1
3.688879,0.025000,0.307692,0.000000,0.000000,0.000000,0.000000,0.000000,33.076923,1.000000,0.666667,0.000000,0.000000,0.000000,1
2.890372,0.190476,0.176471,0.000000,0.052632,0.000000,0.000000,0.000000,28.823529,0.500000,0.818182,0.333333,0.000000,11.764706,1
4.804021,0.090226,0.619835,0.000000,0.011570,0.000000,0.000000,0.000000,59.586777,0.882353,1.000000,0.013333,0.000000,4.132231,1
3.332205,0.205882,0.555556,0.000000,0.084507,0.000000,0.000000,0.000000,35.074074,0.500000,0.444444,0.333333,0.000000,0.000000,1
3.044522,0.000000,0.200000,0.000000,0.139535,0.000000,0.000000,0.000000,34.100000,1.000000,1.000000,0.000000,0.000000,0.000000,1
4.290459,0.111111,0.541667,0.000000,0.014815,0.000000,0.000000,0.000000,28.597222,0.500000,0.475410,0.205128,0.000000,1.388889,1
4.043051,0.243243,0.482143,0.000000,0.022222,0.000000,0.000000,0.000000,47.267857,0.642857,1.000000,0.037037,0.000000,3.571429,1
4.574711,0.135135,0.000000,0.000000,0.179372,0.000000,0.000000,2.083333,31.125000,1.000000,1.000000,0.000000,0.000000,3.125000,1
5.375278,0.092827,0.218605,0.465116,0.053299,0.000000,0.000000,4.186047,37.962791,0.897436,0.881988,0.148936,0.000000,4.651163,1
2.944439,0.217391,0.000000,0.000000,0.160714,0.000000,0.000000,0.000000,43.166667,1.000000,1.000000,0.000000,0.000000,0.000000,1
3.044522,0.130435,0.150000,0.000000,0.064516,0.000000,0.000000,0.000000,22.900000,0.500000,0.777778,0.333333,0.000000,0.000000,1
4.927254,0.086667,0.532847,0.000000,0.010401,0.000000,0.000000,0.000000,47.197080,0.733333,0.669421,0.068493,0.000000,1.459854,1
4.262680,0.090909,0.357143,10.000000,0.143396,0.000000,0.000000,4.285714,41.485714,0.767442,1.000000,0.240000,0.000000,1.428571,1
4.330733,0.166667,0.573333,0.000000,0.008021,0.000000,0.000000,0.000000,42.866667,0.333333,1.000000,0.209302,0.000000,0.000000,1
4.077537,0.016949,0.000000,0.000000,0.000000,0.000000,0.000000,0.000000,61.793103,1.000000,1.000000,0.000000,0.000000,0.000000,1
4.174387,0.179487,0.421875,0.000000,0.020833,0.000000,0.000000,1.562500,44.515625,1.000000,1.000000,0.185185,0.000000,0.000000,1
4.094345,0.106061,0.711864,0.000000,0.022059,0.000000,0.000000,0.000000,26.169492,0.913043,1.000000,0.000000,0.000000,0.000000,1
5.924256,0.050891,0.000000,0.000000,0.055000,0.000000,0.000000,0.000000,28.554960,1.000000,1.000000,0.000000,0.000000,2.144772,1
5.429346,0.146617,0.154185,0.000000,0.055556,0.000000,0.000000,1.762115,42.497797,0.942857,0.940000,0.171429,0.000000,1.762115,1
4.990433,0.098765,0.575342,0.000000,0.005450,0.000000,0.000000,0.000000,47.828767,0.733333,0.639706,0.107143,0.000000,1.369863,1
2.197225,0.111111,0.500000,0.000000,0.000000,0.000000,0.000000,0.000000,23.875000,1.000000,1.000000,0.000000,0.000000,0.000000,1
5.590987,0.112957,0.243446,0.000000,0.043478,0.000000,0.000000,0.000000,33.385768,0.885350,1.000000,0.061538,0.000000,4.119850,1
3.135494,0.043478,0.000000,0.000000,0.120000,0.000000,0.000000,0.000000,30.772727,1.000000,1.000000,0.000000,0.000000,0.000000,1
5.493061,0.132616,0.157025,2.066116,0.139073,0.662252,0.500000,1.652893,38.247934,0.912281,0.960199,0.000000,0.000000,2.892562,1
4.477337,0.121212,0.264368,0.000000,0.031169,0.000000,0.000000,2.298851,44.264368,0.966102,0.760000,0.173913,0.000000,2.298851,1
3.367296,0.243243,0.000000,0.000000,0.063291,0.000000,0.000000,0.000000,42.892857,1.000000,1.000000,0.000000,0.000000,0.000000,1
5.283204,0.071090,0.341837,0.000000,0.022805,0.000000,1.000000,2.040816,43.081633,0.515152,0.766082,0.059701,0.000000,1.020408,1
4.158883,0.112676,0.396825,0.000000,0.003984,0.000000,0.000000,0.000000,35.682540,0.818182,1.000000,0.040000,0.000000,7.936508,1
4.219508,0.229885,0.059701,0.000000,0.010989,0.000000,0.000000,0.000000,27.134328,0.500000,0.967213,0.250000,0.000000,23.880597,1
4.753590,0.057377,0.356522,0.000000,0.008529,0.000000,0.333333,11.304348,42.686957,0.600000,0.637363,0.097561,0.000000,0.000000,1
3.091042,0.160000,0.238095,0.000000,0.048387,0.000000,0.000000,0.000000,32.714286,0.538462,1.000000,0.000000,0.000000,9.523810,1
4.727388,0.050847,0.071429,0.000000,0.009852,0.000000,0.000000,0.000000,61.883929,1.000000,0.228571,0.125000,0.000000,0.000000,1
5.003946,0.195652,0.141892,0.675676,0.025522,0.696056,0.666667,3.378378,34.729730,0.942857,1.000000,0.095238,0.000000,2.027027,1
3.555348,0.209302,0.529412,0.000000,0.045455,0.000000,0.000000,0.000000,40.529412,0.500000,0.500000,0.333333,0.000000,0.000000,1
4.317488,0.301887,0.027027,0.000000,0.144279,0.000000,0.000000,0.000000,40.851351,1.000000,1.000000,1.000000,0.000000,12.162162,1
4.077537,0.194444,0.551724,0.000000,0.008264,0.000000,0.000000,0.000000,39.655172,0.333333,1.000000,0.250000,8.620690,12.068966,1
5.645447,0.096154,0.248227,0.354610,0.022762,0.000000,0.000000,0.000000,48.354610,0.950617,1.000000,0.242857,0.000000,1.063830,1
5.023881,0.188172,0.284768,0.000000,0.036395,1.039861,0.000000,0.000000,44.516556,1.000000,0.911111,0.255814,0.000000,5.298013,1
3.555348,0.028571,0.470588,0.000000,0.042683,0.000000,1.000000,8.823529,40.529412,1.000000,0.516129,0.062500,0.000000,0.000000,1
2.944439,0.052632,0.722222,0.000000,0.104651,0.000000,0.000000,0.000000,45.777778,1.000000,0.214286,0.076923,0.000000,0.000000,1
3.496508,0.200000,0.000000,0.000000,0.114286,0.000000,0.000000,0.000000,35.156250,1.000000,1.000000,0.000000,0.000000,0.000000,1
4.127134,0.273810,0.049180,0.000000,0.019108,0.000000,0.000000,0.000000,34.754098,1.000000,0.960000,0.333333,0.000000,0.000000,1
5.978886,0.055156,0.022843,0.000000,0.052083,0.000000,1.000000,0.507614,39.718274,0.719626,0.967302,0.000000,0.000000,4.822335,1
5.252273,0.086538,0.315789,0.526316,0.012007,0.000000,0.000000,0.000000,33.557895,1.000000,0.634146,0.033333,0.000000,0.526316,1
4.653960,0.071429,0.000000,0.000000,0.000000,0.000000,0.000000,0.000000,26.298077,0.500000,1.000000,0.000000,0.000000,0.961538,1
2.944439,0.217391,0.000000,0.000000,0.027027,0.000000,0.000000,0.000000,30.555556,1.000000,1.000000,0.000000,0.000000,11.111111,1
3.988984,0.053571,0.358491,0.000000,0.000000,0.000000,0.000000,3.773585,43.433962,0.523810,0.627907,0.105263,0.000000,1.886792,1
3.526361,0.131579,0.272727,0.000000,0.000000,0.000000,0.000000,0.000000,30.636364,1.000000,1.000000,0.111111,0.000000,0.000000,1
4.356709,0.083333,0.233766,0.000000,0.014085,0.000000,0.000000,0.000000,47.025974,0.600000,1.000000,0.055556,0.000000,1.298701,1
5.662960,0.189266,0.226481,0.000000,0.045407,0.000000,0.250000,2.787456,39.414634,0.920635,1.000000,0.046154,0.000000,3.484321,1
3.332205,0.156250,0.037037,0.000000,0.057971,0.000000,0.000000,7.407407,38.111111,1.000000,1.000000,0.000000,0.000000,3.703704,1
4.025352,0.067797,0.000000,0.000000,0.147541,0.000000,0.000000,0.000000,31.272727,1.000000,1.000000,0.000000,0.000000,1.818182,1
2.197225,0.111111,0.500000,0.000000,0.000000,0.000000,0.000000,0.000000,22.125000,1.000000,1.000000,0.000000,0.000000,0.000000,1
3.912023,0.075472,0.469388,0.000000,0.007937,0.000000,0.000000,0.000000,49.244898,1.000000,0.650000,0.000000,0.000000,0.000000,1
5.424950,0.096000,0.176991,0.000000,0.053086,0.000000,0.000000,3.539823,40.809735,0.915789,0.873737,0.050000,0.000000,1.769912,1
3.850148,0.206897,0.652174,0.000000,0.021127,0.000000,0.000000,2.173913,54.369565,0.806452,1.000000,0.133333,0.000000,4.347826,1
4.595120,0.100917,0.163265,0.000000,0.063444,0.000000,0.000000,4.081633,39.540816,0.957447,0.833333,0.187500,0.000000,2.040816,1
5.598422,0.112211,0.137546,0.000000,0.043398,0.000000,1.000000,1.486989,46.996283,0.850746,0.995475,0.054054,1.858736,1.486989,1
3.828641,0.134615,0.622222,4.444444,0.030726,0.000000,0.000000,0.000000,72.844444,0.600000,1.000000,0.071429,0.000000,0.000000,1
4.521789,0.187500,0.230769,0.000000,0.018018,0.000000,0.666667,5.494505,37.637363,0.904762,1.000000,0.047619,0.000000,4.395604,1
4.094345,0.271605,0.118644,0.000000,0.068750,0.000000,1.000000,3.389831,34.169492,1.000000,1.000000,0.000000,0.000000,8.474576,1
2.079442,0.222222,0.000000,0.000000,0.000000,0.000000,0.000000,0.000000,37.285714,1.000000,1.000000,0.000000,0.000000,0.000000,1
4.615121,0.145299,0.210000,1.000000,0.160000,0.444444,0.000000,0.000000,42.570000,0.983607,1.000000,0.000000,0.000000,6.000000,1
3.951244,0.150000,0.549020,0.000000,0.008547,0.000000,0.666667,11.764706,53.666667,0.254902,0.314286,0.107143,0.000000,0.000000,1
4.143135,0.225000,0.177419,1.612903,0.017964,0.000000,0.000000,0.000000,35.693548,1.000000,0.787234,0.090909,0.000000,0.000000,1
4.787492,0.137681,0.201681,0.000000,0.016317,0.000000,0.000000,0.840336,38.756303,0.866667,0.918367,0.000000,0.000000,0.000000,1
5.874931,0.191344,0.233803,0.000000,0.038305,0.651997,0.500000,2.253521,40.078873,0.933131,1.000000,0.120482,0.000000,3.661972,1
5.676754,0.110092,0.254296,0.343643,0.033962,0.000000,0.666667,2.061856,41.505155,0.687500,0.775934,0.027027,0.000000,3.780069,1
3.931826,0.166667,0.180000,0.000000,0.050725,0.000000,0.000000,0.000000,31.320000,1.000000,1.000000,0.111111,0.000000,2.000000,1
4.043051,0.200000,0.535714,0.000000,0.008696,0.000000,0.000000,0.000000,39.482143,0.333333,1.000000,0.266667,8.928571,12.500000,1
3.637586,0.075000,0.621622,0.000000,0.012766,0.000000,0.000000,0.000000,52.081081,0.692308,0.375000,0.086957,0.000000,0.000000,1
5.214936,0.140845,0.377049,0.000000,0.040816,0.000000,0.000000,0.000000,46.158470,0.363636,0.637037,0.072464,0.000000,0.546448,1
2.995732,0.173913,0.000000,0.000000,0.000000,0.000000,0.000000,0.000000,36.315789,1.000000,1.000000,0.000000,0.000000,0.000000,1
3.178054,0.178571,0.130435,0.000000,0.029126,0.000000,0.000000,0.000000,54.652174,1.000000,1.000000,0.000000,0.000000,4.347826,1
4.110874,0.142857,0.016667,0.000000,0.045833,0.000000,0.000000,0.000000,53.833333,1.000000,1.000000,0.000000,0.000000,1.666667,1
3.970292,0.118644,0.288462,0.000000,0.065891,0.000000,0.000000,1.923077,46.423077,1.000000,0.692308,0.066667,0.000000,0.000000,1
2.564949,0.142857,0.000000,0.000000,0.000000,0.000000,0.000000,0.000000,24.500000,1.000000,1.000000,0.000000,0.000000,0.000000,1
3.688879,0.235294,0.358974,0.000000,0.010204,0.000000,0.000000,5.128205,38.282051,1.000000,1.000000,0.214286,0.000000,7.692308,1
5.043425,0.185185,0.188312,0.000000,0.037705,0.000000,1.000000,1.298701,45.019481,0.918367,1.000000,0.137931,0.000000,3.896104,1
3.433987,0.166667,0.066667,0.000000,0.116279,0.000000,0.000000,0.000000,36.900000,1.000000,1.000000,0.000000,0.000000,10.000000,1
5.891644,0.119512,0.016620,0.000000,0.062570,0.000000,0.000000,0.000000,36.033241,0.962264,1.000000,0.000000,0.000000,4.155125,1
6.115892,0.075665,0.334071,0.221239,0.015236,0.000000,0.000000,0.221239,59.732301,0.900783,1.000000,0.072848,0.221239,6.858407,1
6.318968,0.149002,0.052347,0.000000,0.102190,0.000000,0.300000,2.527076,31.731047,1.000000,0.983240,0.275862,0.000000,2.166065,1
3.178054,0.323529,0.391304,0.000000,0.020408,0.000000,0.000000,0.000000,43.521739,1.000000,1.000000,0.333333,0.000000,4.347826,1
3.295837,0.212121,0.576923,0.000000,0.055556,0.000000,0.000000,0.000000,37.307692,0.500000,0.444444,0.333333,0.000000,0.000000,1
3.761200,0.045455,0.428571,30.952381,0.043103,0.000000,0.000000,0.000000,29.880952,1.000000,0.542857,0.055556,0.000000,0.000000,1
6.109248,0.139847,0.634744,7.795100,0.108132,0.000000,0.000000,0.000000,26.229399,0.220217,0.314363,0.063158,0.222717,0.222717,0
3.258097,0.285714,0.440000,4.000000,0.153846,10.769231,0.000000,0.000000,28.920000,0.500000,1.000000,0.272727,4.000000,8.000000,0
4.127134,0.152778,0.819672,0.000000,0.048649,0.000000,0.000000,1.639344,29.672131,0.600000,0.285714,0.120000,0.000000,0.000000,0
3.465736,0.060606,0.193548,0.000000,0.000000,0.000000,0.000000,0.000000,37.580645,1.000000,1.000000,0.166667,0.000000,0.000000,0
4.304065,0.151163,0.821918,0.000000,0.018692,0.000000,0.000000,1.369863,27.219178,1.000000,0.294118,0.100000,0.000000,0.000000,0
1.945910,0.333333,0.666667,0.000000,0.000000,0.000000,0.000000,0.000000,40.166667,0.333333,1.000000,0.500000,0.000000,0.000000,0
3.806662,0.153846,0.386364,0.000000,0.000000,0.000000,0.000000,2.272727,34.272727,1.000000,1.000000,0.117647,0.000000,11.363636,0
5.743003,0.101156,0.456592,8.681672,0.115846,0.000000,0.000000,0.321543,30.794212,1.000000,0.639073,0.077465,0.000000,7.073955,0
5.509388,0.196078,0.186992,1.219512,0.031746,0.000000,0.000000,0.813008,40.247967,0.099099,0.995495,0.195652,1.219512,7.723577,0
3.555348,0.227273,0.588235,5.882353,0.227848,0.000000,0.000000,0.000000,23.823529,1.000000,0.370370,0.050000,0.000000,0.000000,0
3.850148,0.258065,0.217391,0.000000,0.025806,0.645161,0.000000,0.000000,34.500000,0.500000,1.000000,0.000000,0.000000,6.521739,0
5.886104,0.185941,0.451253,6.128134,0.041209,0.206044,0.166667,3.064067,42.682451,0.076023,0.952663,0.061728,0.000000,8.635097,0
6.369901,0.171875,0.162950,0.171527,0.018061,0.000000,0.739130,8.233276,38.929674,0.693878,0.977612,0.084211,0.000000,10.977702,0
3.610918,0.121951,0.861111,5.555556,0.000000,0.000000,0.000000,2.777778,34.750000,1.000000,0.066667,0.096774,0.000000,0.000000,0
2.890372,0.190476,0.705882,0.000000,0.000000,0.000000,0.000000,5.882353,39.470588,1.000000,1.000000,0.166667,0.000000,5.882353,0
5.164786,0.084211,0.597701,0.000000,0.010786,0.000000,0.000000,0.574713,37.954023,0.600000,0.437126,0.038462,0.000000,3.448276,0
5.545177,0.169381,0.494118,12.156863,0.143529,0.000000,0.000000,0.000000,22.219608,0.641026,0.487562,0.111111,0.000000,4.313725,0
3.433987,0.090909,0.866667,0.000000,0.000000,0.000000,0.000000,3.333333,32.900000,1.000000,0.080000,0.115385,0.000000,0.000000,0
4.418841,0.154639,0.085366,0.000000,0.015306,0.000000,0.000000,0.000000,24.951220,1.000000,1.000000,0.142857,0.000000,3.658537,0
4.025352,0.225352,0.290909,1.818182,0.008403,1.680672,0.000000,3.636364,29.236364,1.000000,1.000000,0.125000,0.000000,0.000000,0
4.174387,0.179487,0.187500,0.000000,0.016736,0.000000,0.000000,1.562500,32.890625,1.000000,1.000000,0.166667,0.000000,1.562500,0
4.890349,0.131579,0.068182,0.757576,0.089965,0.000000,0.000000,0.000000,24.522727,0.714286,1.000000,0.666667,0.000000,9.090909,0
3.526361,0.195122,0.212121,0.000000,0.075269,0.000000,0.000000,0.000000,30.636364,1.000000,1.000000,0.714286,0.000000,9.090909,0
3.332205,0.250000,0.111111,0.000000,0.129870,0.000000,0.000000,0.000000,27.222222,1.000000,1.000000,0.333333,0.000000,14.814815,0
3.258097,0.107143,0.120000,0.000000,0.000000,0.000000,0.000000,0.000000,25.760000,1.000000,1.000000,0.333333,0.000000,0.000000,0
3.401197,0.064516,0.206897,0.000000,0.000000,0.000000,0.000000,0.000000,31.137931,1.000000,1.000000,0.166667,0.000000,0.000000,0
4.955827,0.072368,0.156028,0.000000,0.020833,0.000000,0.000000,0.000000,29.716312,0.818182,1.000000,0.227273,0.000000,4.964539,0
6.383507,0.058917,0.631134,8.629442,0.014346,0.000000,0.000000,0.169205,44.656514,0.961538,0.391844,0.029491,0.169205,4.230118,0
3.044522,0.090909,0.600000,0.000000,0.000000,0.000000,0.000000,0.000000,34.100000,1.000000,1.000000,0.083333,0.000000,0.000000,0
3.637586,0.051282,0.243243,0.000000,0.000000,0.000000,0.000000,0.000000,43.540541,1.000000,1.000000,0.111111,0.000000,0.000000,0
3.332205,0.270270,0.222222,0.000000,0.050000,0.000000,0.000000,0.000000,29.185185,1.000000,1.000000,0.666667,0.000000,7.407407,0
3.737670,0.108696,0.682927,2.439024,0.036232,0.000000,0.000000,2.439024,31.853659,1.000000,0.305556,0.071429,0.000000,7.317073,0
4.304065,0.151163,0.479452,0.000000,0.047761,0.000000,0.000000,0.000000,48.191781,1.000000,1.000000,0.114286,0.000000,15.068493,0
6.075346,0.187266,0.352535,10.829493,0.075301,0.000000,0.100000,3.686636,47.951613,0.349112,0.974619,0.124183,0.230415,3.917051,0
6.410175,0.212711,0.429984,10.214168,0.114871,0.793651,0.000000,1.647446,47.054366,0.105882,1.000000,0.172414,0.000000,4.612850,0
5.655992,0.112150,0.382456,0.701754,0.017094,0.000000,0.000000,0.701754,34.505263,0.538462,0.691176,0.128440,0.000000,4.210526,0
3.637586,0.159091,0.189189,0.000000,0.038835,0.000000,0.000000,0.000000,28.972973,1.000000,1.000000,0.571429,0.000000,8.108108,0
3.367296,0.151515,0.750000,0.000000,0.008850,0.000000,0.000000,3.571429,36.857143,1.000000,0.142857,0.190476,0.000000,0.000000,0
3.610918,0.100000,0.166667,0.000000,0.000000,0.000000,0.000000,0.000000,35.666667,1.000000,1.000000,0.166667,0.000000,0.000000,0
3.663562,0.208333,0.421053,5.263158,0.094595,0.000000,0.000000,0.000000,22.052632,1.000000,0.586207,0.062500,0.000000,0.000000,0
4.477337,0.054348,0.931034,5.747126,0.020305,0.000000,0.000000,1.149425,41.218391,0.777778,0.037037,0.024691,0.000000,2.298851,0
5.480639,0.224026,0.100418,0.418410,0.023372,0.000000,0.500000,2.092050,36.221757,0.857143,0.966292,0.000000,0.000000,10.878661,0
2.833213,0.272727,0.187500,0.000000,0.163265,0.000000,0.000000,0.000000,28.000000,1.000000,1.000000,0.333333,0.000000,12.500000,0
3.806662,0.083333,0.136364,0.000000,0.000000,0.000000,0.000000,0.000000,45.545455,1.000000,1.000000,0.166667,0.000000,0.000000,0
4.174387,0.072464,0.812500,0.000000,0.014235,0.000000,0.000000,1.562500,39.703125,1.000000,0.039216,0.057692,0.000000,0.000000,0
2.484907,0.266667,0.727273,0.000000,0.000000,0.000000,0.000000,0.000000,25.090909,0.500000,1.000000,0.125000,0.000000,0.000000,0
5.693732,0.121662,0.077703,0.000000,0.046477,0.000000,0.000000,0.000000,32.087838,0.801325,1.000000,0.043478,0.000000,6.418919,0
5.429346,0.084677,0.127753,0.440529,0.030479,0.000000,0.000000,0.440529,30.383260,1.000000,1.000000,0.206897,0.000000,3.524229,0
4.779123,0.218543,0.288136,3.389831,0.021622,0.810811,0.000000,3.389831,40.364407,0.527273,0.962264,0.029412,0.000000,9.322034,0
6.184149,0.116788,0.006198,0.000000,0.086265,0.000000,0.000000,0.206612,31.469008,0.969970,0.997506,1.000000,0.000000,3.305785,0
3.401197,0.064516,0.241379,0.000000,0.000000,0.000000,0.000000,0.000000,31.620690,1.000000,1.000000,0.142857,0.000000,0.000000,0
4.317488,0.417323,0.527027,1.351351,0.115242,0.000000,0.000000,1.351351,41.337838,0.898734,1.000000,0.538462,0.000000,1.351351,0
4.672829,0.123967,0.179245,0.000000,0.013393,0.000000,0.000000,0.000000,37.783019,0.955224,0.976471,0.210526,0.000000,1.886792,0
4.127134,0.102941,0.688525,0.000000,0.012903,0.000000,0.000000,1.639344,25.229508,1.000000,0.392857,0.095238,0.000000,6.557377,0
3.465736,0.060606,0.290323,0.000000,0.000000,0.000000,0.000000,0.000000,30.000000,1.000000,1.000000,0.111111,0.000000,0.000000,0
3.496508,0.179487,0.000000,0.000000,0.057971,0.000000,0.000000,3.125000,36.250000,1.000000,1.000000,0.000000,0.000000,9.375000,0
4.110874,0.166667,0.216667,0.000000,0.015000,0.000000,0.000000,1.666667,56.716667,1.000000,0.538462,0.153846,0.000000,1.666667,0
4.262680,0.166667,0.285714,0.000000,0.050505,0.000000,0.000000,0.000000,26.871429,1.000000,1.000000,0.400000,0.000000,7.142857,0
3.828641,0.042553,0.155556,0.000000,0.000000,0.000000,0.000000,0.000000,39.822222,1.000000,1.000000,0.142857,0.000000,0.000000,0
4.127134,0.102941,0.344262,4.918033,0.016736,0.000000,0.000000,4.918033,39.098361,0.454545,0.568182,0.142857,0.000000,3.278689,0
4.709530,0.126984,0.054545,0.000000,0.008876,0.000000,0.500000,3.636364,38.536364,0.816514,0.938776,0.333333,0.000000,2.727273,0
5.147494,0.211982,0.532164,2.339181,0.072900,2.060222,0.000000,1.754386,42.654971,0.469388,0.981366,0.054945,0.000000,6.432749,0
5.863631,0.088312,0.544160,15.384615,0.100713,0.000000,0.000000,0.284900,33.686610,1.000000,0.519062,0.083770,0.000000,8.547009,0
4.812184,0.232704,0.639344,2.459016,0.048507,0.000000,0.000000,0.000000,45.688525,0.162791,0.991150,0.012821,0.000000,7.377049,0
3.663562,0.208333,0.157895,0.000000,0.114035,0.000000,0.000000,0.000000,28.236842,1.000000,1.000000,0.166667,0.000000,10.526316,0
4.394449,0.200000,0.325000,0.000000,0.035714,0.000000,0.333333,6.250000,34.900000,0.000000,1.000000,0.076923,0.000000,7.500000,0
6.285998,0.198804,0.304104,2.052239,0.075257,0.162426,0.000000,4.291045,42.199627,0.282759,0.965021,0.073620,0.000000,8.955224,0
4.976734,0.213115,0.472222,6.250000,0.006873,0.000000,1.000000,1.388889,21.833333,0.523810,0.565217,0.102941,0.000000,1.388889,0
2.079442,0.222222,0.000000,0.000000,0.000000,0.000000,0.000000,0.000000,24.428571,0.500000,1.000000,0.000000,0.000000,0.000000,0
5.017280,0.096386,0.220000,0.000000,0.014957,0.000000,0.000000,0.666667,39.553333,0.777778,0.798450,0.090909,0.000000,2.666667,0
4.875197,0.187500,0.330769,2.307692,0.003521,0.000000,0.000000,0.000000,41.761538,0.857143,1.000000,0.488372,0.000000,19.230769,0
3.044522,0.090909,0.500000,0.000000,0.000000,0.000000,0.000000,0.000000,36.650000,1.000000,1.000000,0.100000,0.000000,0.000000,0
5.537334,0.228659,0.462451,3.952569,0.082002,1.384452,0.000000,1.581028,41.110672,0.150442,0.939815,0.051282,0.000000,6.324111,0
6.289716,0.135048,0.128253,0.371747,0.020246,0.578453,0.000000,4.460967,35.295539,0.498350,0.978304,0.086957,0.185874,6.877323,0
4.663439,0.045455,0.952381,4.761905,0.008310,0.000000,0.000000,0.952381,38.895238,1.000000,0.040000,0.020000,0.000000,4.761905,0
3.784190,0.173077,0.186047,0.000000,0.064516,0.000000,0.000000,0.000000,29.744186,1.000000,1.000000,0.250000,0.000000,6.976744,0
3.044522,0.090909,0.550000,0.000000,0.000000,0.000000,0.000000,0.000000,34.300000,1.000000,1.000000,0.090909,0.000000,0.000000,0
4.343805,0.073171,0.828947,0.000000,0.002849,0.000000,0.000000,1.315789,45.171053,1.000000,0.063492,0.079365,0.000000,0.000000,0
4.663439,0.204545,0.428571,0.000000,0.039735,0.000000,0.000000,5.714286,36.095238,0.153846,0.701754,0.133333,0.000000,1.904762,0
3.401197,0.064516,0.241379,0.000000,0.000000,0.000000,0.000000,0.000000,31.689655,1.000000,1.000000,0.142857,0.000000,0.000000,0
4.290459,0.265306,0.430556,0.000000,0.000000,0.000000,0.000000,0.000000,37.375000,0.916084,0.756757,0.000000,0.000000,0.000000,0
3.583519,0.285714,0.485714,5.714286,0.028571,0.000000,0.000000,5.714286,41.885714,0.515152,0.931034,0.176471,0.000000,11.428571,0
4.477337,0.074468,0.517241,8.045977,0.014388,0.000000,0.000000,9.195402,34.218391,1.000000,0.466667,0.066667,0.000000,0.000000,0
5.370638,0.195489,0.537383,6.542056,0.062937,0.000000,0.000000,1.869159,45.257009,0.076923,0.940887,0.017391,0.000000,5.140187,0
5.181784,0.149038,0.248588,0.000000,0.018003,0.000000,0.000000,0.564972,34.604520,0.877551,1.000000,0.340909,1.694915,6.214689,0
5.525453,0.149660,0.224000,12.400000,0.082397,0.873908,0.000000,1.600000,42.884000,0.054054,0.953488,0.142857,0.000000,4.400000,0
2.890372,0.227273,0.294118,0.000000,0.023256,0.000000,0.000000,0.000000,41.411765,1.000000,1.000000,0.600000,0.000000,5.882353,0
4.189655,0.177215,0.200000,0.000000,0.013423,0.000000,0.000000,1.538462,57.461538,1.000000,0.375000,0.153846,0.000000,1.538462,0
6.240276,0.156507,0.533203,12.109375,0.036092,0.000000,0.200000,3.906250,44.142578,0.251064,0.888889,0.040293,0.000000,4.101562,0
3.912023,0.155172,0.367347,0.000000,0.035897,0.000000,0.000000,4.081633,43.938776,0.368421,0.928571,0.000000,0.000000,6.122449,0
4.644391,0.169355,0.330097,0.000000,0.051948,0.000000,0.000000,0.970874,25.145631,0.478261,1.000000,0.088235,0.000000,1.941748,0
3.663562,0.116279,0.157895,0.000000,0.000000,0.000000,0.000000,0.000000,41.657895,1.000000,1.000000,0.166667,0.000000,0.000000,0
3.044522,0.090909,0.700000,0.000000,0.000000,0.000000,0.000000,0.000000,34.050000,1.000000,1.000000,0.071429,0.000000,0.000000,0
3.258097,0.074074,0.240000,0.000000,0.000000,0.000000,0.000000,0.000000,36.520000,1.000000,1.000000,0.166667,0.000000,0.000000,0
4.025352,0.303797,0.472727,0.000000,0.058537,0.000000,0.000000,0.000000,39.127273,0.371429,1.000000,0.038462,0.000000,5.454545,0
6.306275,0.128981,0.173675,0.000000,0.064982,0.000000,0.000000,0.548446,27.694698,0.166667,1.000000,0.210526,0.000000,1.828154,0
3.332205,0.270270,0.222222,0.000000,0.049383,0.000000,0.000000,0.000000,30.555556,1.000000,1.000000,0.666667,0.000000,7.407407,0
4.304065,0.188889,0.054795,0.000000,0.201117,0.000000,0.000000,0.000000,27.232877,1.000000,1.000000,0.250000,0.000000,9.589041,0
5.365976,0.171206,0.272300,7.511737,0.045521,1.762115,0.000000,0.938967,40.530516,0.090909,0.960396,0.189655,0.000000,7.981221,0
2.708050,0.263158,0.214286,0.000000,0.100000,0.000000,0.000000,0.000000,27.857143,1.000000,1.000000,0.333333,0.000000,14.285714,0
6.291569,0.187029,0.293135,1.669759,0.112056,0.000000,1.000000,1.484230,26.384045,0.941176,0.818947,0.063291,0.000000,3.153989,0
5.111988,0.153846,0.145455,0.000000,0.061275,0.000000,0.000000,0.000000,28.254545,1.000000,1.000000,0.875000,0.000000,7.878788,0
3.332205,0.205882,0.111111,0.000000,0.138889,0.000000,0.000000,0.000000,24.740741,1.000000,1.000000,0.333333,0.000000,14.814815,0
3.044522,0.090909,0.650000,0.000000,0.000000,0.000000,0.000000,0.000000,33.400000,1.000000,1.000000,0.076923,0.000000,0.000000,0
3.850148,0.041667,0.217391,0.000000,0.000000,0.000000,0.000000,0.000000,44.913043,0.971014,1.000000,0.100000,0.000000,0.000000,0
5.198497,0.237288,0.283333,3.888889,0.081670,0.000000,0.000000,0.000000,41.266667,0.049180,0.940120,0.058824,0.000000,10.555556,0
3.806662,0.120000,0.863636,11.363636,0.009569,0.000000,0.000000,2.272727,41.477273,1.000000,0.105263,0.105263,0.000000,0.000000,0
4.454347,0.055556,0.941176,4.705882,0.024324,0.000000,0.000000,1.176471,39.152941,0.777778,0.025316,0.025000,0.000000,3.529412,0
4.795791,0.245283,0.825000,44.166667,0.201807,0.000000,0.000000,0.000000,50.791667,0.069307,1.000000,0.020202,0.000000,6.666667,0
4.595120,0.066667,0.846939,0.000000,0.011236,0.000000,0.000000,1.020408,36.826531,0.666667,0.048780,0.036145,0.000000,0.000000,0
4.343805,0.269231,0.434211,0.000000,0.174468,0.000000,0.000000,0.000000,37.868421,0.116279,1.000000,0.121212,0.000000,18.421053,0
5.003946,0.129412,0.155405,0.675676,0.064732,0.000000,0.000000,0.675676,31.520270,0.962264,1.000000,0.347826,0.675676,3.378378,0
4.382027,0.150538,0.189873,0.000000,0.051064,0.000000,0.000000,0.000000,31.240506,1.000000,1.000000,0.866667,0.000000,6.329114,0
6.373320,0.178371,0.022222,0.000000,0.002952,0.000000,0.000000,0.683761,61.420513,0.562500,0.969072,0.153846,0.000000,0.170940,0
3.332205,0.250000,0.111111,0.000000,0.136986,0.000000,0.000000,0.000000,24.925926,1.000000,1.000000,0.333333,0.000000,14.814815,0
4.605170,0.175000,0.111111,1.010101,0.013453,0.000000,0.000000,4.040404,34.303030,0.609756,0.975610,0.363636,0.000000,3.030303,0
4.499810,0.127451,0.179775,0.000000,0.136691,0.000000,0.000000,0.000000,31.910112,1.000000,1.000000,0.437500,0.000000,10.112360,0
2.484907,0.266667,0.454545,0.000000,0.019231,0.000000,0.000000,0.000000,48.000000,1.000000,1.000000,0.400000,0.000000,0.000000,0
3.610918,0.052632,0.166667,0.000000,0.000000,0.000000,0.000000,0.000000,36.666667,1.000000,1.000000,0.166667,0.000000,0.000000,0
4.615121,0.122807,0.290000,0.000000,0.047059,0.000000,0.000000,0.000000,35.810000,1.000000,1.000000,0.275862,0.000000,2.000000,0
3.610918,0.142857,0.166667,0.000000,0.080808,0.000000,0.000000,0.000000,28.944444,1.000000,1.000000,0.666667,0.000000,2.777778,0
3.091042,0.222222,0.047619,0.000000,0.000000,0.000000,0.000000,0.000000,19.380952,1.000000,1.000000,0.000000,0.000000,4.761905,0
5.560682,0.169872,0.386100,4.633205,0.052231,0.870511,0.000000,2.316602,42.142857,0.262570,0.978903,0.030000,0.000000,12.355212,0
5.891644,0.211790,0.520776,2.770083,0.071273,0.072727,0.000000,1.108033,43.673130,0.376623,0.994169,0.079787,0.000000,9.141274,0
3.912023,0.075472,0.244898,0.000000,0.000000,0.000000,0.000000,0.000000,42.959184,1.000000,1.000000,0.083333,0.000000,0.000000,0
5.749393,0.169761,0.041534,0.000000,0.002328,0.000000,0.000000,0.638978,61.341853,0.176471,0.923077,0.153846,0.000000,0.319489,0
3.044522,0.090909,0.600000,0.000000,0.000000,0.000000,0.000000,0.000000,33.250000,1.000000,1.000000,0.083333,0.000000,0.000000,0
4.605170,0.168067,0.343434,0.000000,0.014368,0.000000,0.000000,1.010101,32.141414,0.846154,1.000000,0.264706,1.010101,5.050505,0
6.406880,0.083333,0.472727,3.801653,0.064729,0.000000,0.000000,0.330579,30.221488,0.565217,0.575552,0.083916,0.000000,1.322314,0
3.332205,0.250000,0.259259,0.000000,0.053191,0.000000,0.000000,0.000000,36.296296,1.000000,1.000000,0.714286,0.000000,11.111111,0
4.499810,0.053191,0.853933,3.370787,0.021341,0.000000,0.000000,1.123596,34.595506,0.555556,0.052632,0.052632,0.000000,1.123596,0
6.293419,0.162791,0.501852,5.185185,0.033102,0.000000,1.000000,0.555556,25.233333,0.726908,0.533040,0.077491,0.000000,1.111111,0
4.488636,0.053763,0.943182,3.409091,0.027569,0.000000,0.000000,1.136364,40.943182,1.000000,0.024390,0.024096,0.000000,2.272727,0
4.990433,0.219251,0.000000,0.000000,0.003683,0.000000,0.000000,0.000000,56.890411,0.866667,0.337349,0.000000,0.000000,1.369863,0
4.007333,0.156250,0.240741,0.000000,0.000000,0.000000,0.000000,1.851852,52.722222,1.000000,1.000000,0.153846,0.000000,1.851852,0
4.700480,0.161538,0.256881,0.917431,0.041176,0.000000,0.000000,0.917431,30.504587,0.600000,1.000000,0.142857,0.000000,1.834862,0
5.662960,0.132931,0.017422,0.000000,0.197059,0.000000,0.000000,0.000000,25.379791,0.971014,1.000000,0.200000,0.000000,6.271777,0
4.110874,0.062500,0.800000,0.000000,0.008299,0.000000,0.000000,1.666667,37.216667,0.600000,0.042553,0.083333,0.000000,0.000000,0
3.218876,0.200000,0.250000,0.000000,0.087912,0.000000,0.000000,0.000000,36.500000,0.714286,1.000000,0.666667,0.000000,8.333333,0
6.084499,0.203636,0.360731,6.164384,0.089888,0.528751,0.000000,2.283105,40.824201,0.263456,1.000000,0.158228,0.000000,11.187215,0
3.526361,0.232558,0.484848,6.060606,0.000000,0.000000,0.000000,6.060606,31.939394,0.636364,1.000000,0.062500,0.000000,6.060606,0
4.736198,0.081301,0.548673,7.079646,0.018519,0.000000,0.000000,7.079646,32.513274,0.250000,0.438776,0.048387,0.000000,3.539823,0
3.044522,0.090909,0.700000,0.000000,0.000000,0.000000,0.000000,0.000000,34.150000,1.000000,1.000000,0.071429,0.000000,0.000000,0
3.496508,0.058824,0.187500,0.000000,0.000000,0.000000,0.000000,0.000000,31.906250,1.000000,1.000000,0.166667,0.000000,0.000000,0
4.430817,0.144330,0.192771,0.000000,0.057239,0.000000,0.000000,0.000000,35.144578,0.860465,1.000000,0.375000,0.000000,7.228916,0
4.442651,0.168317,0.083333,0.000000,0.076613,0.000000,0.000000,0.000000,38.083333,0.046154,1.000000,0.285714,0.000000,4.761905,0
5.308268,0.158996,0.064677,0.000000,0.001361,0.000000,0.000000,2.487562,62.333333,0.968254,0.863636,0.153846,0.000000,0.497512,0
3.332205,0.068966,0.259259,0.000000,0.000000,0.000000,0.000000,0.000000,37.222222,1.000000,1.000000,0.142857,0.000000,0.000000,0
5.283204,0.144105,0.433673,0.510204,0.016311,0.000000,0.000000,0.000000,40.918367,0.956522,1.000000,0.270588,0.000000,10.204082,0
5.739793,0.196891,0.487097,0.322581,0.045902,0.000000,0.000000,0.645161,45.374194,0.191919,0.989761,0.072848,0.322581,7.096774,0
3.663562,0.155556,0.605263,0.000000,0.027397,0.000000,0.000000,2.631579,38.947368,0.333333,0.468750,0.086957,0.000000,7.894737,0
2.708050,0.263158,0.785714,7.142857,0.000000,0.000000,0.000000,0.000000,30.928571,0.500000,1.000000,0.000000,0.000000,0.000000,0
3.401197,0.216216,0.206897,0.000000,0.107527,0.000000,0.000000,0.000000,28.551724,0.666667,1.000000,0.166667,0.000000,10.344828,0
5.283204,0.105023,0.627551,13.775510,0.075873,0.000000,0.000000,0.510204,33.102041,1.000000,0.441489,0.121951,0.000000,8.673469,0
4.934474,0.183432,0.173913,0.000000,0.119266,0.366972,0.000000,1.449275,45.724638,0.292683,0.851240,0.083333,0.000000,5.797101,0
4.997212,0.192308,0.394558,7.482993,0.171004,0.000000,1.000000,4.081633,21.190476,1.000000,0.653226,0.103448,0.000000,2.721088,0
5.147494,0.211982,0.403509,2.339181,0.074850,0.000000,0.000000,0.000000,23.000000,1.000000,0.612676,0.086957,0.000000,1.169591,0
3.044522,0.230769,0.300000,0.000000,0.161290,0.000000,0.000000,0.000000,30.750000,1.000000,1.000000,0.666667,0.000000,10.000000,0
6.335054,0.176901,0.000000,0.000000,0.003067,0.000000,0.000000,0.532860,61.596803,0.719626,0.968085,0.000000,0.000000,0.177620,0
3.713572,0.200000,0.425000,0.000000,0.022388,0.746269,0.000000,0.000000,40.525000,0.200000,0.461538,0.000000,0.000000,0.000000,0
5.361292,0.295681,0.377358,1.415094,0.184874,0.000000,0.000000,0.000000,37.367925,0.404580,1.000000,0.162500,0.000000,16.981132,0
3.555348,0.055556,0.176471,0.000000,0.000000,0.000000,0.000000,0.000000,39.705882,1.000000,1.000000,0.166667,0.000000,0.000000,0
4.553877,0.182609,0.351064,1.063830,0.090909,0.000000,0.000000,0.000000,23.776596,1.000000,0.622951,0.181818,0.000000,1.063830,0
4.948760,0.125000,0.157143,0.714286,0.011655,0.000000,0.000000,0.714286,32.314286,1.000000,1.000000,0.227273,0.000000,3.571429,0
3.761200,0.045455,0.214286,0.000000,0.000000,0.000000,0.000000,0.000000,45.261905,1.000000,1.000000,0.111111,0.000000,0.000000,0
3.688879,0.048780,0.282051,0.000000,0.000000,0.000000,0.000000,0.000000,43.794872,1.000000,1.000000,0.090909,0.000000,0.000000,0
3.761200,0.125000,0.690476,2.380952,0.036765,0.000000,0.000000,2.380952,31.904762,1.000000,0.297297,0.103448,0.000000,7.142857,0
4.990433,0.136095,0.164384,0.000000,0.021448,0.000000,0.000000,0.684932,24.636986,0.904762,1.000000,0.208333,0.000000,5.479452,0
4.219508,0.172840,0.253731,0.000000,0.004016,0.000000,0.000000,1.492537,34.134328,1.000000,1.000000,0.411765,0.000000,4.477612,0
4.867534,0.162338,0.286822,1.550388,0.012165,0.000000,0.000000,0.000000,30.984496,1.000000,1.000000,0.216216,0.000000,6.201550,0
2.639057,0.133333,0.230769,0.000000,0.000000,0.000000,0.000000,0.000000,32.461538,1.000000,1.000000,0.000000,0.000000,0.000000,0
5.891644,0.156542,0.293629,0.554017,0.054160,0.000000,0.000000,2.770083,41.781163,0.131148,0.976119,0.047170,0.000000,5.817175,0
3.135494,0.241379,0.272727,0.000000,0.055556,0.000000,0.000000,0.000000,32.318182,1.000000,1.000000,0.666667,0.000000,9.090909,0
5.105945,0.118280,0.146341,0.609756,0.022680,0.000000,0.000000,0.609756,31.384146,0.925926,1.000000,0.208333,0.000000,4.268293,0
5.934894,0.158482,0.496021,2.917772,0.013514,0.000000,0.000000,0.000000,47.095491,0.700000,0.967568,0.016043,0.265252,15.649867,0
3.258097,0.074074,0.080000,0.000000,0.000000,0.000000,0.000000,0.000000,26.960000,1.000000,1.000000,0.500000,0.000000,0.000000,0
3.663562,0.050000,0.263158,0.000000,0.000000,0.000000,0.000000,0.000000,52.921053,1.000000,1.000000,0.100000,0.000000,0.000000,0
3.713572,0.090909,0.875000,12.500000,0.022727,0.000000,0.000000,2.500000,40.575000,1.000000,0.058824,0.057143,0.000000,0.000000,0
3.044522,0.090909,0.550000,0.000000,0.000000,0.000000,0.000000,0.000000,36.650000,1.000000,1.000000,0.090909,0.000000,0.000000,0
